url,text
https://rectangle.design,"We write software, build tools, create archives + design interfaces. Outcomes encompass the physical and digital. Computation is central, but not always visible"
https://rulesrulesrules.studio,RRR is a multi-disciplinary digital design and software development studio.
https://bus.group,BUS is a Berlin-based design practice founded by Manuel Birnbacher and Daniel Schnitterbaum
https://rndr.studio,"RNDR designs and codes the future, by transforming data into information, information into knowledge, and knowledge into narratives."
https://veravandeseyp.com,"Vera van de Seyp is a designer / creative coder working across disciplines on great things, based in the Netherlands."
http://www.fredericbrodbeck.de,Frederic Brodbeck is a digital designer and developer.
http://nodeberlin.com,NODE is a Berlin and Oslo based design studio.
https://www.onformative.com,"Interactive media installations, generative design and data-driven narratives, at the intersection of art, design and technology."
https://studiomoniker.com,Moniker is an Amsterdam based interactive design studio by Luna Maurer &amp; Roel Wouters.
http://waltzbinaire.com,studio for human motion in digital design
https://klimaiteklimaite.com,Berlin based collaborative graphic design studio run by sisters Indrƒó &amp; Laura Klimaitƒó
https://martinwecke.de,Creative direction &amp; development. Specialized in creating web-based experiences and interactive design systems. Based in Berlin.
http://rlon.com,rlon is a design and concept studio from Berlin. We create objects and develop narratives for curious spaces and curious minds.
http://hatebranding.com,We hate branding that hides behind the empty words. Good design speaks for itself.
http://brockkenzler.com,"Personal projects by Brock Kenzler, an Australian digital designer."
http://stephdavidson.com,"Graphic design, art direction, illustration and motion graphics"
http://www.mantissa.ca,mantissa website
https://www.linkedbyair.net,"<br><br> Linked by Air is a design and technology firm. We integrate strategy, user experience, interaction and visual design, and software development to create design systems and build digital p..."
https://trauminc.com,NEW IMAGES FOR A NEW WORLD
http://pointer.click,.
http://catk.de,"CATK is an interdisciplinary design studio, based in Berlin, Germany"
http://www.ok-rm.co.uk,"A London-based design studio working in the fields of art, culture and commerce."
https://sehsucht.de,"We are a hybrid production studio, merging the arts of filmmaking, animation and visual effects to produce captivating creative content."
https://futurecorp.london,"Future Corp create digital experiences, platforms and tools for culture and the people defining it. Based in London and Paris"
https://www.therodina.com,...
https://koosbreen.com,
https://no-plans.com,"No Plans is is a digital creative studio. We design touchpoints to connect businesses and individuals in culture, design and fashion to their audience."
https://momentfactory.com,Moment Factory is a multimedia entertainment studio specializing in the conception and production of immersive environments.
http://www.syedrezaali.com,"Generative, Computational Design, UI, GUI, Minimal, Modern, Art, Photography, Beauty, Visual, Spatial, Architecture, New Media, Interactive, Installations, Computer Graphics, Graphic Design, openFrameworks, Processing, Cinder, Creative Coding"
http://www.teyosh.com,TeYosh is a multidisciplinary design duo specialized in art direction and animation. Their narratives often focus on digital media in a social context.
https://sansho.studio,situative design &amp; development in Berlin
http://wangsoderstrom.com,Wang &amp; S√∂derstr√∂m is a Copenhagen / Malm√∂ based art and design practice with a focus on digital / physical explorations and fabrication.
http://thekids.eu,The world of rapid change is our paradise. The future is not so scary when you have the right ideas. Kids is a creative agency based in Berlin. Let's talk.
http://studioscholz.info,"Studio Scholz is the online and offline practice of graphic designer Robin Scholz. After graduating from the Gerrit Rietveld Academie in Amsterdam and working at Zak Group in London, he is currently living and working in Munich, Germany."
http://thedesignoffice.org,"A shared workspace for designers in downtown Providence, R.I."
https://www.vmragona.com,"I'm a London based Graphic Designer. Working across, Branding Design, Editorial Design, Digital Design Motion Design and much more."
http://samtripp.com,Sam Tripp. Design &amp; Code. Based in London. Co-founder of Common Works.
https://commonworks.co.uk,"Creating meaningful, lasting experiences through playful interactions and rigorous design thinking."
http://variable.io,"Variable is a generative design and data visualisation studio based in London, UK. We blend design, software and aesthetics emerging from data, processes and human behaviour."
http://sucukundbratwurst.tumblr.com,"Sucuk &amp; Bratwurst, co-founded by Alessandro Belliero, David G√∂nner, Denis &amp; Lukas Olgac, is a Mainz based creative studio specialized in 3d design, art direction and graphic design. Feel free to get..."
http://www.playlab.org,"PlayLab is a New York based creative practice founded in 2009. With no particular focus, we explore themes using art, architecture, and graphic design to initiate ideas."
https://n-e-r-v-o-u-s.com,"Nervous System is a design studio that works at the intersection of science, art, and technology. We create using a novel process that employs computer simulation to generate designs and digital fabrication to realize products. Drawing inspiration from natural phenomena, we write computer programs mimicking processes and patterns found in nature and use those programs to create unique and affordable art, jewelry, and housewares."
https://www.unmade.com,We enable customizable design through industrial manufacturing.
https://marco.land,Berlin based designer and developer.
https://dow-smith.com,"A web design and development practice. We work with creative businesses, organisations and individuals to design and produce unique, engaging web-based experiences."
http://www.thibault.io,"Thibault Brevet is an interaction designer working at the crossing between art, design and technology."
https://www.zeitguised.com,"Exquisite Realities. (0% organic).  The exquisite realities of ZEITGUISED are crafted as a unique blend of tantalizing design, acute art, handmade algorithms and bespoke generative processes."
https://newnow.cool,Design and Code from the Boys Next Door
https://noservice.today,"We advise organizations on the strategic communication of their brands and develop bold campaigns with a focus on social media. Using facts, intuition and creativity we blend science with art."
https://portfolio.amir.cloud,Highlighted projects by amir houieh.
http://franrios.com,"Fran Rios is a cinematographer based in Barcelona. His commercial work includes pieces for renowned production companies like Canada, O and Sofa Experience."
https://morphocode.com,an interdisciplinary architectural practice
http://mihaicernusca.com,"Mihai Cernusca is a freelance Digital Product Designer and Developer based in Brooklyn, NY"
http://ezramiller.biz,Ezra Miller: Enterprise Solutions
https://benedikt-gross.de,Portfolio Website of Benedikt Gro√ü
http://senseable.mit.edu,Urban imagination and social innovation through design &amp; science
http://www.zhestkov.com,"Design, Art direction, Animation"
https://proxi.me,"Proxi.me offers expertise in various disciplines, including art direction, editorial, corporate and interior design, websites and scenography as well as conceptual creation and strategic brand escort."
https://jamespants.com,The #1 source for James Pants and James Singleton related content
http://paralleluniver.se,"Steph Davidson, motion, digital, and illustration, art director, Bloomberg"
https://www.gillesdebrock.nl,test
http://urmston.xyz,"Will Urmston ‚Ä¢ Design, sound, and code for a better internet ‚Ä¢ See his work here"
https://dvtk.us,DVTK is a London-based creative studio. We create immersive and playful digital experiences that push the boundaries of modern storytelling.
https://ufomammoot.de,We are an independent digital agency based in Berlin providing innovative &amp; creative concepts for brands.
https://www.ruieduardo.com,"Rui Eduardo. Design, Systems and Experiences Development."
https://artcom.de,"ART+COM gestaltet und entwickelt innovative mediale Installationen, R√§ume und Architekturen."
http://kohlberger.net,"This is a dance between your brain and the world. A hallucinatory figure of information that speaks on the threshold of being. We are bathed in interferences from sensual data to what might be out there. We will go to another land, we will try another sea. One plus one equals three."
https://bennelsen.com,"Ben Nelsen is a graphic designer based in Pittsburgh, PA."
http://therodina-backstage.tumblr.com,"The Rodina (*2010, www.therodina.com) is a visual communication studio. Founded by independent Czech designers and researchers Tereza and Vit Ruller. Currently based in Amsterdam, NL."
https://www.abcdinamo.com,"DINAMO is a Swiss design practice established by Johannes Breyer and Fabian Harb. We‚Äôre interested in the overlap between graphic design production, bespoke or retail typefaces and technology. More recently also how these things can translate into physical objects."
https://frnsys.com,"Francis Tseng is a designer &amp; developer working with simulation, machine learning, etc"
http://www.geckelermichels.com,"David Geckeler and Frank Michels established their Berlin based design studio in 2013. Areas of work include furniture, lighting, products and spaces. The research-led practice focuses on autonomous in-house studies, as well as creative direction and product collections for their clients, whilst also producing editions and one-offs."
http://stewartsmith.io,"Stewart Smith is a creative polymath making virtual reality and more in Brooklyn, New York."
http://neuemodern.com,Portfolio of James Hicks
https://amf.fyi,Cargo
https://www.minmax.design,
https://scherabon.com,Visual Artist &amp; designer
https://timrodenbroeker.de,creative coding = unexplored territories
http://roberthodgin.com,Portfolio
https://rarevolume.com,A Design &amp; Technology Studio in New York City
http://andrevv.com,Portfolio of freelance web designer and developer in Berlin.
http://magicandpasta.space,"What began as a relatively calm, smog-filled Saturday afternoon soon traversed into messy, vengeful, scream-worthy territory."
https://www.patrickhebron.com,"A technologist focusing on the emerging intersections between machine learning, design tools, programming languages and operating systems."
https://maxbittker.com,Max's website
https://kimalbrecht.com,"CV of knowledge designer and aesthetic researcher Kim Albrecht, exploring the boundaries of visual knowledge in the post-digital age."
http://chloescheffe.github.io,"Graphic design, etc."
http://www.operative.space,Operative Space offers design services for print and digital communications as well as collaborative approaches for ideation and research
http://charlotterohde.de,"visual communication, research and juicy typefaces"
http://bettywang.net,work
https://frankrausch.com,Frank Rausch is a user interface typographer. He designs and develops apps for iOS.
http://www.philippneumeyer.com,"Ruediger aka Philipp Neumeyer is a professional ballet dancer, mediocre type designer and wannabe typographer. "
https://folder.studio,"Visual identities, websites, publications and other printed and digital matter for cultural and commercial clients."
https://lust.nl,"LUST / Typography, Design &amp; Propaganda. Graphic design studio in The Hague, Netherlands. Design philosophy revolves around Process-based Design, Information &amp; Interactive Systems, Communication Structures &amp; Networks."
https://foam.studio,a commercial layer by zeitguised
https://ollybromham.com,A website.
https://unfun.de,"unfun is a creative studio. We conceptualize, design and code all kinds of projects for brands, artists and ourselves. Shout out to the classics, but we work in 3018."
https://alsino.io,My name is Alsino. I design and build maps and digital interfaces.
http://mfowler.info,Max Fowler | Freelancer
https://process.studio,"Process is a studio for Art and Design based in Vienna that works in interactive audio-visual installations, graphic design and software development."
http://www.fabianhart.com,kommentiert Moden und andere Ausdrucksmedien
http://andrevv.com,Portfolio of freelance web designer and developer in Berlin.
http://departmentofnewrealities.com,"The Department of New Realities is a future-forward creative unit within Wieden+Kennedy Amsterdam. Melding technology, 3D, culture, theatrics, experiences and the senses, we create new types of consumer engagement that build brands and businesses."
http://www.leeeeza.com,"Elizaveta (LEEZA) Pritychenko portfolio. Graphic Design, media art, interactive, VR, 3D, animation, VJing, hoaxes, visuals"
http://www.teuberkohlhoff.com,Contemporary Textile Design &amp; Graphic Design Studio based in Berlin
https://efoucher.studio,√âmile Foucher is a graphic designer currently based in Montr√©al.
https://www.iksi.eu,"IKSI makes websites with HTML, CSS and JavaScript."
https://carla-karlis.ch,Practice for graphic design and web development.
https://ricky.codes,online wwwebsite of software developer Ricky Miller
https://nemesis.global,"Nemesis is an alternative design and strategy consultancy founded in 2017 by Emily Segal and Martti Kalliala, with nodes in Berlin, New York and Helsinki."
https://special-offer.studio,A design &amp; development office managed by Brent David Freaney
https://super.asdf.af,"S√ºp√®r is a Swiss digital design studio established in 2011 by Daniel Stutz, working and teaching at the intersection of graphic design and web development."
http://brendandawes.com,"Brendan Dawes is a designer exploring the interaction of objects, people, technology and art using form and code with an eclectic mix of digital and analog materials."
http://ewalthert.com,Edgar Walthert is a Swiss type‚Äì and graphic‚Äìdesigner based in Amsterdam. He works across a spectrum of design-fields with a focus on logotypes and music.
http://www.ralph-schulz.com,Ralph Schulz ¬∑ Arbeiten / Works ¬∑ Vita / CV ¬∑ News ¬∑ Kontakt / Contact
https://www.thomasschnur.com,Thomas Schnur / German based Product Designer
http://www.berndgrether.de,"Bernd Grether, Grafikdesign, Berlin"
https://staltz.com,Open Source Freelancer
http://davidbenski.com,Eine weitere WordPress-Seite
https://andreasdzialocha.com,"Andreas Dzialocha is an electric bass player, producer, composer and developer. His work consists of both digital and physical environments, spaces, festivals, software or platforms for participants and listeners"
https://www.cameronyick.us,Cameron Yick is a developer and designer studying Computer Science at Yale University. He posts his projects and tutorials on this site. Find him on Github and Twitter as @hydrosquall.
https://www.pentagram.com,"Pentagram is the world‚Äôs largest independent design consultancy. The firm is owned and run by 24 partners, each of whom are leaders in their individual fields."
https://earthly.studio,Earthly is alive and listening. Always searching and connecting. Engaging. Mutually exchanging. Being and becoming Earthly. Earthly is an exploratory design and research studio at the margins of the real and the realizable.
https://efoucher.studio,√âmile Foucher est un artiste et designer bas√© √† Montr√©al. Son approche cr√©ative est un hybride aliment√© par la recherche et l‚Äôexp√©rimentation.
https://diediebe.be,
http://www.jonathonyule.com,Jonathon Yule is a Canadian graphic designer based in Toronto.
https://www.grafikladen.net,"Strategie, Konzept und Design aus Berlin ‚Äì Branding, Editorial, Corporate, Web"
https://astridkraniger.com,Media Artist &amp; Designer
https://huiteh.net,Sinhui Teh ÈÉëÊ¨£ÊÖß is a Kuala Lumpur &amp; Dublin based independent Graphic Designer.&nbsp; Currnetly in KL. Working primarily in the cultural field on...
http://dov-ganchrow.com,"Dov Ganchrow is a product designer and senior lecturer in the Industrial Design Department at the Bezalel Academy of Arts and Design, Jerusalem, Israel"
https://www.selfcontrolfreak.com,"selfcontrolfreak, interactive video, self control freak, Oli4, Olivier Otten, interactive, interactive designer, interface design"
https://wangsoderstrom.com,Wang &amp; S√∂derstr√∂m is a Copenhagen based art and design practice with a focus on digital / physical explorations.
https://originaltype.com,"Typeface, Type design, Type foundry, Font, Typography"
http://frnsys.com,"Francis Tseng is a designer &amp; developer working with simulation, machine learning, etc"
https://www.acolorbright.com,"As a partner to companies ranging from local startups to global consumer brands, we focus on three areas: product discovery, UX/UI design and engineering and brand development with a digital mindset."
https://joshuasoehn.com,"Designer based in Berlin, Germany. My expertise is designing everything from brand identities to apps, prototyping, coding and product management."
https://www.field.io,"FIELD.IO, art and technology, generative design, interactive installation"
http://bewe.me,Design + programming
https://jonathansplitlog.com,"Jonathan Splitlog is a designer and creative director in Atlanta, GA."
http://luizadale.com,"Luiza Dale is an  independent graphic designer based in New Haven, CT."
http://www.willmacneil.com,"Portfolio site for Will MacNeil - director, designer and animator based in London, UK."
https://www.makeitdoathing.com,"Dan Moore is an Artist, Designer, and Technologist"
http://tomkail.com,"Online portfolio of Tom Kail, game designer and developer based in Bournemouth, UK."
https://szymonkaliski.com,I design and develop digital tools and data-driven interfaces
https://3milychu.github.io,emily is a data &amp; interaction designer
https://ertdfgcvb.xyz,"Studio for design and code based in Lugano, Switzerland."
http://knoth-renner.com,"Collaborating since 2011 and located in Berlin and Leipzig, Christoph Knoth &amp; Konrad Renner work on the intersection of digital culture and graphic design."
https://onformative.com,"Interactive media installations, generative design and data-driven narratives, at the intersection of art, design and technology."
https://parentcompa.nyc,"Parent Company ¬© is a multi-dimensional design firm creating unique visual, sonic, and interactive experiences."
https://www.tsto.org,"Tsto is a graphic design studio founded in 2010, with a focus on visual identities, publications, websites, motion &amp; typography. In addition to our team, we regularly work with an extensive network of collaborators from different fields. "
https://moritzebeling.com,"Graphic Designer and Visual Programmer based in Weimar, Germany."
https://johncaserta.com,"John Caserta is a designer and educator based in Providence, R.I."
https://kenjitomita.com,Kenji Tomita Designer living in SF/USA
https://www.productiontype.com,"Production Type is a digital type design agency. Our activities span from the exclusive online distribution of retail type for design professionals, to the creation of custom typefaces for the industrial, luxury, and media sectors."
https://www.beeple-crap.com,"BEEPLE is Mike Winkelmann. A graphic designer from Charleston, SC, USA who does a variety of digital artwork including short films, Creative Commons VJ loops, everydays and VR / AR work. He‚Äôs working on making it suck less every day"
http://www.gabeferreira.com,Gabe Ferreira is a multidisciplinary designer.
https://archive.eric.young.li,Eric Li is a software developer and graphic designer.
https://stu-b-io.com,"stubio, studio, design, fashion, art, clothing, workshop, collaboration, contemporary art, modern"
https://roelwouters.com,"Roel works as an independent conditional designer / director in the field of interaction, media design and film."
https://robertschnuell.de,"Robert Schn√ºll is a Creative Technologist and Interaction Designer. His work is mainly related to working interdisciplinary and collaborative where he covers the fields of coding, physical computing, rapid prototyping and designing processes."
https://marthahipley.com,"new media art, contemporary art, interaction design, visual art, digital art, web development, web design"
https://hawraf.com,"HAWRAF is a new design studio. They create work that deals with communication, interaction, and creative accessibility."
https://hyejinsong.me,"Hyejin Song is a graphic designer working in identity system, motion graphics, and illustration. She recently graduated from School of Visual Arts. Previously she..."
https://intervall.io,"We are designers, makers and consultants in the age of Digital Transformation."
https://pangrampangram.com,We are dedicated to making quality typefaces that can be used in everyday designs and projects. All our fonts are free to try.
https://public-office.info,Public Office is a collaborative design &amp; development practice focusing on the intersection of physical and digital publishing.
http://p-m.site,Paul Mylecharane (b.1974) is a graphic designer and educator whose practice focuses mainly on the intersection of physical and digital publishing and its relationship to the archive.
https://phong.com,"Specializing in full stack development for interactive apps, design, software engineering, and motion graphics since 1998."
https://napoleon.services,Napoleon Services is a virtual design and development studio.
http://www.berndgrether.com,"Bernd Grether, Grafikdesign, Berlin"
https://moreandmoreltd.com,"Launched in 2016, More and More is a motion and design studio founded by Carl Burgess and Tom Darracott. The London based studio has a strong design-led approach, developing film and 3d imagery with a distinctive and unexpected tone of voice. Utilising new technologies to create forward looking visual communication, the philosophy is to unify design, production and direction under one roof to produce the most responsive and effective work."
https://trulytype.com,"beginning graphic design typography, trulytype, truly type, trulytype.com, modern, geometric, grotesque, modest, super family, modernism, font, font typeface, free typeface, typeface logo, typeface design, serif typeface, fonts google, fonts free, download fonts, free font, best fonts, clean, serif, transitional, legible, heavy, elegant, sans-serif, trulytype.com, calligraphic, formal, art deco, faith, sharp, humanist, wide, narrow, flair, script, high x-height, netherlands, serif, magazine, neutral, slab serif, headline, bauhaus"
https://rfws.de,"Robert Schn√ºll is a Creative Technologist and Interaction Designer. His work is mainly related to working interdisciplinary and collaborative where he covers the fields of coding, physical computing, rapid prototyping and designing processes."
https://laurabrown.studio,"Laura Brown designs and builds bespoke websites for creative brands, artists, galleries, and design companies."
https://desmondwong.com,Typeface design and lettering
https://ungroup.group,"ungroup is a Berlin-based creative practice engaged in design, research and programming."
https://www.son-la.co,Son La Pham Graphic Design and Technology Berlin
https://variable.io,"Variable is a generative design and data visualisation studio based in London, UK. We blend design, software and aesthetics emerging from data, processes and human behaviour."
https://www.daltonmaag.com,"Dalton Maag, Bruno Maag, Typefaces, Font Designers, Font Families, Aktiv Grotesk, Interface, Effra, Web Fonts, Trials, Modifications, Refinements, Custom"
https://brendandawes.com,Interaction Design
https://lgkallday.co.uk,"üíöüíô Luke Greenaway is a freelance web &amp; digital designer based in Brighton, UK with over 12 years industry experience in website design/development, UI &amp; UX, web product design, creative direction &amp; consultancy."
https://www.atipofoundry.com,an independent digital typeface foundry and graphic design studio
https://pastorplaczek.com,Design studio crafting digital experiences at the nexus of art and speculative design.
https://ueberdosis.io,"Team with design competence, experience and passion. We create successful corporate websites, outstanding apps and impressive web applications."
https://flow-control.io,Empowering human cognition through design and technology.
https://underscoretype.com,"Underscore is an independent publisher of quality digital typefaces, retail fonts and bespoke type design solutions."
https://hyam.de,"We ideate, create and build digital products and services that people love. hy.am studios ‚Äì a creative agency and digital design studio based in Berlin."
https://workingnotworking.com,"outstanding, efficient, whimsical, Bomie is an independent freelance designer with specialties in smart and detail-oriented visual solutions, powerful ideas, and so much passion for fun. Looking for opportunities that require serious amount of caring and quality. Previously at Casper and Apple."
https://pizzapizza.io,"Pizza Pizza is a digital product studio modeled on the two-pizza-rule, based in Berlin. We offer digital product design, branding, marketing and development services."
https://rckt.com,Pixel but people. Design but thinking. Artificial but intelligent. Consultancy but agency. Find out how we make it work.
http://www.fileunderpopular.com,"generative art,process based design,creative coding"
https://www.adamho.com,"Adam Ho is graphic and interaction designer, based in Brooklyn, New York."
https://reiner.design,Freelance design engineer based in Berlin.
https://wenzeldaniel.com,"Daniel Wenzel, graphic and type design, specialised in utilizing animation-tools and code."
https://chevalvert.fr,"Chevalvert est un studio de design graphique, typographique et interactif."
http://christopherlacy.co.uk,"Designing, making and organising by Chris Lacy."
https://samuelhewitt.com,"Sam Hewitt, Human Interface Designer"
https://56.digital,A boutique design studio based in Toronto specializing in art direction and digital experiences.
https://www.aarongilmore.com,Aaron Gilmore is a designer and developer based in Ireland
https://www.absentees.co,Digital designer/developer based in Sydney NSW.
https://random.studio,"Random Studio is an experience design studio. We are an international team of visual artists, strategists and engineers who blur the boundaries between art, design and technology."
https://abcdinamo.com,"DINAMO is a Swiss design practice established by Johannes Breyer and Fabian Harb. We‚Äôre interested in the overlap between graphic design production,‚Ä¶"
https://robert-janes.com,Robert Janes is a Type Designer and Engineer.
https://www.patrik-huebner.com,"Generative Design and Creative Coding for brands, agencies and cultural institutions. A fusion of storytelling, experience and branding with algorithms, human interaction, data, artificial intelligence and programming."
https://hanli.eu,"Hanzer Liccini, Studio for graphic design and typography"
https://waf.gmbh,WAF GMBH proposes a more effective model for designing and implementing digital platforms.
https://timrausch.de,Tim Rausch is a hamburg based graphic design and code writer
https://markfromberg.com,"Typeface Design, Type, Python, Programming, Tool, Development, Letters, Lettering, Illustration, Graphic Design, Corporate Design, Book Design, Typography"
https://www.field.systems,"FIELD.SYSTEMS, art and technology, generative design, interactive installation, brand art, generative brand design system"
https://www.gabischillig.de,"Gabi Schillig, Architecture, Communication Design, Conceptual Design, Spaces of Communication, Exhibition, Material, Research, Dialogical Spaces, Professor, Spatial Design, Berlin, D√ºsseldorf"
http://roxaboxen.us,Roxaboxen is a California-based design studio specializing in typefaces and identity systems.
https://www.quality-wolves.com,Our company provides high-quality design and development services. We specialize in creating innovative and marketable products that help businesses grow.
https://matthewragan.com,Media Maker and Interactive System Designer
https://web3000.net,web3000 is a web design and development studio based in Berlin
https://andreasfaust.de,Andreas Faust is a Berlin-based Graphic and Type Designer and Web¬≠developer. He works as Creative Director for the german Edition of Jacobin Magazine and is Partner at Open Foundry.
https://intmagic.com,"International Magic is an experience design studio, creating new modes of interaction and visual communication. We believe in the power to entertain and innovate for the next generation."
https://andirueckel.com,"aesthetics, computation, design, development, gestaltung, graphic, interaction, interface, new media, prototyping, research, typography, visual, web"
http://gregorfinger.de,"this site provides a quick overview of gregor finger as designer and creative technologist, some would call it art"
https://www.foreignobjects.net,"design, consultancy, NEW INC, MIT, Media Lab, ACT, decentralization, Kallirroi, Retzepi, Agnes Cameron, Ghantous, Zhexi, architecture, software"
https://merani.cc,"Media Artist, Creative Technologist and Designer from Berlin"
https://in-no-particular-order.info,"design, information design, graphic design, spreadsheet, innoparticularorer, in no particular order,"
https://maxitype.com,"Maxitype is a collaborative platform to encourage type design research. We offer retail and bespoke typefaces, paying special attention to contemporary visual languages and historical knowledge."
https://haukeirrgang.com,Designer and Typographer from Berlin
https://mtwtf.com,"MTWTF is a design studio that creates communication platforms for cultural, commercial, educational, and civic clients."
https://newtendency.com,Contemporary Design Furniture for Your Home and Office
https://www.lust.nl,"LUST / Typography, Design &amp; Propaganda. Graphic design studio in The Hague, Netherlands. Design philosophy revolves around Process-based Design, Information &amp; Interactive Systems, Communication Structures &amp; Networks."
https://n-m.world,"Neo-Metabolism is a planetary research, design and life practice."
https://grafik.co.nz,Designer / Developer
https://vinzenzaubry.com,Digital archive of media artist and designer Vinzenz Aubry.
https://alright.studio,"Since 2017, Alright Studio is a deliberate and dynamic, full-service creative agency with a design &amp; technology focus. Based in Brooklyn, NY operating globally."
https://studiodumbar.com,"Studio Dumbar/DEPT¬Æ is an international design agency specialised in visual branding and online branding, located in Rotterdam."
https://ttato.design,We work hand in hand with talented designers from around the world to create beautiful and timeless products.
https://taliacotton.com,"Talia Cotton is a designer, coder, and educator who specializes in the intersection of brand identities and technology. She is leads the design and development of data-driven and algorithmic brand identities and websites at Pentagram in New York City, and teaches Core Interaction at Parsons School of Design."
https://www.yonk.online,"Hello there! We are YONK, a 3D studio based in The Hague (NL). We specialise in using Virtual Reality sculpting software to create 3D character design and animations to be used in advertising, video clips, identity, face filters and a lot more. This tool has helped us develop a unique maximalist and whimsical style paired with tangible textures and vivid colours. We aim to create work that steers away from conventional 3D and is entirely playful, dream-like and sometimes, damn right weird!"
https://haha.services,A FULL SERVICE DESIGN AND DEVELOPEMENT STUDIO IN NYC
https://armarchitecture.com.au,"ARM Architecture is an award-winning architecture, urban design and interior design practice. We work around Australia and are known for our scholarship and creativity. We enrich our design work by incorporating aspects of each project‚Äôs culture, environment, history and character as well as its purpose. The outcomes are individual and distinctive. Each could exist nowhere else, and for nobody else."
https://www.metalab.com,"MetaLab helps some of the world‚Äôs top companies‚Äîlike Slack and Google‚Äîdesign, build, and ship amazing products and services."
https://anthonyzukofsky.com,"ANTHONY ZUKOFSKY (b.1992) (he/him) is a graphic designer, educator and writer in New York, NY, building dynamic identity systems and interactive projects for..."
http://www.hansje.net,"Graphic designer Hansje van Halem (1978, pronunciation: [hans-yeh]) gathered recognition with her distinctive typography and geometric, almost psychedelic..."
http://hansje.net,"graphic design, typography, pattern, type"
https://portorocha.com,PORTO ROCHA is a New York-based design and branding agency developing creative and strategic work that engages deeply with the world we live in.
https://wildcosmos.studio,"Brand Strategy &nbsp; &nbsp;Graphic Design &nbsp; &nbsp;Community &nbsp; &nbsp; Wild Cosmos is a story-driven creative studio based in Malm√∂, Sweden.&nbsp; ( OUR..."
https://tautau.co,"Product Designer fluent with UX &amp; UI, running collaborative design workshops and user testing. Able to communicate design ideas and prototype with open web programming languages. Experienced in branding  and development of visual identities."
https://laurelschwulst.com,"Artist, writer, &amp; professor creating special environments for curiosity, learning, and reflecting. Currently teaching 'Graphic Design: Link' at Princeton."
http://www.pieterjangrandry.com,Berlin based graphic designer from Belgium
https://lydiawhite.info,"Lydia White is lead product designer at Tumblr, Inc in New York City. She also takes pictures and runs a half dome retreat called the Shell House."
http://www.createwithmalte.de,"Malte Weber is a Designer from Berlin. He is working at the intersection between Computer Science, Psychology and Design."
https://ewalthert.com,"Edgar Walthert's studio practice is typedesign while still maintaining a strong interest in graphic design. His strengths are at their best in combination, for instance, when a corporate identity benefits from a cutsom typeface."
https://dirk-erdmann.com,"Interaction Designer living in the quarantine world. Mostly motion, sonic and visual experiences. New Media student at the UdK Berlin."
https://studio-sml.com,"Studio S/M/L ist ein in Berlin ans√§ssiges Gestaltungsb√ºro, spezialisiert auf Corporate Design, Editorial Design und kreative Designstrategien."
https://www.markuslerner.com,"Interaction Designer, Creative Coder"
https://y-u-k-i-k-o.com,"Yukiko is a Berlin-based creative agency specialising in creative direction, art direction, brand strategy, concept generation and graphic design for commercial and cultural clients alike."
https://2x4.org,"We develop brand strategy, content, and design systems for creative partners everywhere."
https://www.xxix.co,"Twenty Nine is a design and technology studio building brands, products, and experiences based mostly in New York City and Berlin."
https://localprojects.com,"Local Projects is an exhibition and media design firm for museums and public spaces. While innovation drives much of today‚Äôs design, we‚Äôre interested in creating projects that endure."
https://jansindler.com,"jansindler.com, Type, Jan, ≈†indler, Design, RoboFont, code, Czechia, Haag, Prague, Netherlands, KABK, Type and Media, TM, TM2020, Afrikola, Integra, rotor, variable, VTT, hinting"
https://troyleinster.com,Troy Leinster is an Australian typeface designer working in New York City.
https://nicholaschristowitz.com,Nicholas Christowitz is a graphic designer. He's one half of Http Studio and one third of Father Coffee. Berlin and busy.
https://mad.ac,"MAD designs and develops digital products. We're a team of strategists, designers and technologists that unlocks creative potential in progressive organisations."
https://http.studio,Design and development for glowing rectangles
https://www.hi-malta.com,This is Romina Malta's professional site. She is an art director with focus on illustration and sound design. 
http://www.wearecomposite.co,We design things that captivate and engage real people.
https://wkshps.com,"Wkshps is a multidisciplinary design workshop that crafts identities for art institutions, public spaces, non-profits, and global brands alike."
https://noideas.website,"No Ideas is a graphic design studio in Brooklyn, New York. We create identities, websites, printed matter, editorial design and art direction for commercial and cultural clients."
https://othermeans.us,Other Means is a graphic design studio in New York.
https://www.wearecollins.com,COLLINS is a brand experience design company based in New York and San Francisco.
https://buck.co,"BUCK is a global creative company that brings brands, stories, and experiences to life through art, design, and technology."
https://bewe.me,Design + programming
https://designsystems.international,Deeply technical design studio where communications meet systematic principles.
https://dashdigital.studio,"Designed to engage. Built to connect. Driven by research &amp; strategy, we're a digital design studio that helps reimagine how customers connect to your brand."
https://joschabruening.eu,This is the Portfolio of Joscha Bruening. He is a very good Designer. Some say even the best.
https://www.jonathansplitlog.com,"Jonathan Splitlog is a product designer and collaborator in Chicago, IL working at Instrument on interface design for Google. Work Interface Design"
https://underware.nl,"Zealotry wouldn‚Äôt be an inappropriate collective noun for Underware. They not only design typefaces, they live type ‚Äî they educate about type, they publish about type, they talk about type, they want (and organise) others to talk about type."
https://bb.agency,"We are a full-service creative agency specialized in crafting human-centric digital experiences. Our process includes services such as branding, user experience and user interface design with frontend development and cms integration."
http://alexchavot.fr,"alex,Alex,ALEX,chavot,Chavot,CHAVOT,ENSBA,Lyon,portfolio,graphiste,graphisme,ind√©pendant,ind√©pendant,typo,typographie,typeface,graphic,design,poster,affiches,photo,photographie"
https://portfolio-dananthony.vercel.app,Web designer and front-end web developer
https://paperfox.com.au,Web Design | Web Development | Berlin | Melbourne
https://www.lo-ol.design,"LO-OL type is a studio specialised in Latin, Hangeul and visual design revolving around typography and type design. The studio is located in Geneva, Switzerland."
https://hottype.co,"Hot Type is a type foundry and design studio established by Marko Hrastovec. We design, produce and sell retail and custom typefaces."
https://www.typemates.com,"Passionate type designers nearby Hamburg and Munich. Black and white experts, distributing typefaces of our font collection and design exclusive Custom Fonts."
https://klim.co.nz,"Klim Type Foundry is an independent typeface design studio led by Kris Sowersby and is based in Wellington, New Zealand. We sell a wide range of fonts online and undertake custom typographic work for international clients."
https://www.typotheque.com,"Typotheque type foundry, get unique, high quality fonts for print and screens directly from the designers. We also create custom (bespoke) fonts for most world's languages."
https://processtypefoundry.com,"The Process Type Foundry is a small, internationally recognized typeface design studio based in the Twin Cities of Minneapolis and St. Paul, Minnesota."
https://order.design,"Order Type Foundry designs and releases practical typefaces for longterm applications. Research, intention, and detail define our process."
https://type.land,"Typeland is an independent type design studio based in London. We offer retail fonts exclusively through our own website. We also develop custom fonts, work on commissioned projects, and specialise in multi-script design and production."
https://mass-driver.com,Typeface design and font production studio. Mass-Driver works across disciplines to create high quality original fonts.
https://tipografia.com.ar,"I‚Äôm a designer that works between type and software, bringing solutions to type foundries and other designers by helping them to improve their productivity trough streamlined workflows and ad-hoc tools."
http://www.martijndeheer.nl,"Martijn de Heer is founder of √¢‚Ç¨‚Äú and designer / creative coder at Apt Opt Out. Co-founder of SUSLIB. Coding teacher at the Royal Academy of Art, The Hague."
http://aptoptout.studio,"A cross-disciplinary design studio, based in The Hague"
https://www.deniselu.com,"denise lu, graphics, data visualization, data vis, maps, charts, gis, visual journalist, developer, data, washington post, new york times, northwestern university, design, code"
https://emilkowal.ski,"I'm a developer interested in design, currently building ui at Compound."
https://www.unwind.nl,"Unwind offers consulting, project management, technology and design in the field of new media."
https://janareddemann.de,Graphic design and development.
https://www.tyfromtheinternet.com,"Graphic design, type design, photography, and the occasional video production, in Ithaca, New York."
https://margothofmans.com,Visual Artist - 3D Designer - Photogrammetry
https://baubauwerk.com,"Hey, we're Baubauwerk, a branding &amp; design studio in Berlin.&nbsp;We build identities, we build websites and develop integrated communication through concept development, awesome creativity and outstanding graphic design."
https://mohanvadivel.com,"Product designer, building interface for software medium."
https://www.revolvertype.com,"Revolver Type Foundry - High quality fonts, lettering and custom type design."
https://www.typearture.com,"Typeface design that is more that it's visuals, Typearture merges fonts with concepts, culture, illustration, experiment and a touch a humor."
https://blazetype.eu,Type Design foundry | We design fonts for blazing hot projects!
https://max.dev,"Max Schoening is a software designer working on tools for thought, creative expression, and planet scale computing."
https://formal-settings.com,"Formal Settings is a type and graphic design studio specialising in editorial design, identity and type driven visual communication."
https://objekteunserertage.com,Designed in Berlin &amp; Made in Germany
https://wild.as,"We bring together innovation, design, technology and business strategy to build award-winning websites, apps, and digital content."
https://studiofreight.com,"A design studio built on principle. We grow brands by making them easy to understand and impossible to ignore. Our creative experts support with branding, art direction, strategy, web design, web development, packaging, copywriting, lettering, illustration, photography, murals, signage, video, and beyond."
https://combo.co,Combo is an independent branding and innovation agency using strategy and design to unlock what‚Äôs next.
https://tom.so,"Tom Hackshaw is a school teacher and designer from Hokkaido, Japan. Currently based in TƒÅmaki Makaurau, Aotearoa."
https://www.publictype.us,Public is a collective of typeface and graphic designers. We have a boundless interest in constructing form to communicate. We are for curious discovery. We are advocates for type design. We work on custom typefaces for companies of all shapes and sizes. We count on a better tomorrow. We are Public.
https://cosmicshelter.com,Cosmic Shelter is a creative hub and digital studio. At the crossroad of engineering and art. We design and produce digital experiences that provoke emotions through tech.
https://nurecas.com,"visual,interaction,innovator,electronics,programming,NFT,art,creativity,crypto art,blockchain,augmented reality,virtual reality,artificial intelligence,ai,3d,patent,artist,design,designer"
https://www.paragraph.design,"‚Üí Paragraph is the multidisciplinary design practice of Oliver Matzner, focusing on Branding, Editorial and Generative Design.We create digital experiences and analog sensations with an holistic design approach."
https://laurenthorson.com,Lauren Thorson is a designer.
https://lynnsohn.com,"Lynn Oh is a graphic designer based in New York City focusing on brand identity, type design, motion graphics, editorial, and interaction design...."
https://www.ppolder.com,"Philipp Polder is a multidisciplinary designer, webdeveloper and consultant specializing in unconventional online presences"
http://www.alphabet-type.com,Alphabet Type is a font production and type technology studio from Berlin offering tools and services for type designers and foundries.
https://www.oooz.club,OOOZ is a multidisciplinary design club based in cologne. We love to design from 60 up to 1000 bpm.
http://christopherprinz.com,Christopher Prinz is an Omaha based industrial designer seeking to expose extreme and rarely visible possibilities of materials and processes associated with manufacturing and construction.
https://juno-hamburg.com,"JUNO is a design-driven branding agency for the digital age from Hamburg, Germany."
https://pg-webstudio.de,"Webdesign f√ºr G√∂ttingen und Umgebung, ob Wordpress, Drupal, Grav, Contao oder Joomla, SEO...."
https://justified.studio,A design &amp; technology studio helping brands create impact.
https://lucaiiriti.com,"I‚Äôm a multidisciplinary designer and art director currently based in Berlin. Specialised in visual communication, I craft meaningful brands through effective ideas and strategic thinking."
https://erichu.info,Eric Hu studio is the creative consultancy and design practice of New York art director Eric Hu.
https://alotofmoving.parts,"A design studio that tells stories about complicated systems at the intersection of architecture, culture, and technology."
https://seththompson.org,"Seth Thompson is the principal of A Lot of Moving Parts, a design and technology studio. He lives in Brooklyn, NY."
https://baukevanderlaan.eu,"Bauke designs and develops publications, identities, typefaces and digital products."
https://field.io,"FIELD.IO is an Artistic Practice for Experimental Design in London. We combine art + technology to create immersive audio-visual experiences, and powerful new formats of visual communication."
https://field.systems,"FIELD.SYSTEMS is an Artistic Practice for Experimental Design in London. We combine art + technology to create immersive audio-visual experiences, and powerful new formats of visual communication."
https://luizzanotello.com,Media artist and designer
https://fonts.studiofeixen.ch,Studio Feixen Fonts is a type foundry founded by the Swiss design studio Studio Feixen.
https://christoph.koe.berlin,Type Design &amp; Font Engineering
https://justanotherfoundry.com,"Founded in 2004, Just Another Foundry is oper¬≠ated by Tim Ahrens and Shoko Mugikura ‚Äì a type designer and a typo¬≠graph¬≠er, respect¬≠ively. Despite our unas¬≠sum¬≠ing name, we are uncom¬≠monly skilled in the design and produc¬≠tion of text and display fonts for print and screen. In addi¬≠tion to devel¬≠op¬≠ing our retail library, we provide custom and custom¬≠ised typefaces for small and large clients alike. As one of the first webfont providers, we consider on-screen use of our fonts as import¬≠ant as print. Our exper¬≠i¬≠ence in dealing with licens¬≠ing and tech¬≠no¬≠lo¬≠gical issues of new media helps us develop the ideal font package for your project."
https://liuleslie.github.io,"Portfolio website of Leslie Liu, print and interaction designer."
https://eric.young.li,Eric Li is a designer and software engineer based in New York.
https://im-burrow.com,Burrow is a interdisciplinary design studio based in Berlin
https://javierunknos.com,"JAVIER UNKNOS is a multidisciplinary designer currently based between Madrid &amp; Valencia specialy focused on type design and visual comunication for wide range of international clients in diverse fields such cultural, art, fashion, music and audiovisual industries."
https://pavellaptev.github.io,Pavel Laptev ‚Äî digital designer
http://charlielemaignan.com,Graphic &amp; interactive designer focused on motion and typography. For inquiries say hi@charlielemaignan.com
https://grantcuster.com,Designer and engineer focused on new and alternative interfaces.
https://arrowtype.com,Design and development for modern typography
https://typefaces.pizza,Pizza Typefaces is an independent type design foundry. We bake and distribute flavored and custom fonts.
https://atelier-e.net,Creative studio for experimental &amp; electronic media. Strong &amp; aesthetic background in digital art &amp; design in both the visual &amp; the auditive spectrum.
https://atelier-anchor.com,graphic &amp; typeface design studio in shanghai. we make typeface as A narrative.
https://www.schick-toikka.com,Schick Toikka is a type foundry and graphic design studio established in 2010 by Florian Schick and Lauri Toikka.
https://www.openpurpose.com,"International multidisciplinary design agency based in Stockholm, Sweden."
https://www.wayward.group,"Wayward runs a group of companies founded by designer, Blank."
https://www.greylarson.com,"Grey Larson is a graphic designer in Salt Lake City, Utah."
https://aftonkleingroup.com,"Afton Klein Group is a design agency that works with brands in industries including technology, sports, fashion, entertainment, architecture, and the cultural arts. We have a strong belief that design is a way of thinking; this is the methodology through which we establish visual and communication strategies to provide our clients with a clear voice within culture and the market."
https://www.tim-peters.net,"bureau, creation, service, creative, design, studio, object, image, design, CGI, 3D, fashion, jewellery, cultural, museums, museum, studio, agence, office, art, crea, Antwerp, Antwerpen, Belgium, graphic, illustration, ad, art direction, motion, cgi, render, imagery, Tim Peters, Tim, Peters, Hasselt, Modemuseum Hasselt, Pukkelpop, Atelier 11, Wouters &amp; Hendrix, Eastpak"
http://fahrio.com,Fahri √ñzkaramanlƒ± - Visual Communitaction Designer.
https://shira-inbar.com,"Shira Inbar is an independent graphic designer and image maker with an edge of motion graphics, living and working in New York."
https://www.alyssax.com,"I'm Alyssa X, a designer, developer, and serial maker. I've built products with over 120K users, been 3 times a Product Hunt Maker of The Year finalist, featured on Fast Company, and more."
https://www.hamishsmyth.com,"Archive of designer Hamish Smyth: Partner at Order, co-founder of Standards Manual, and former associate partner at Pentagram."
https://tipospereira.com,Tipos Pereira is a Type Foundry from the Brazilian designer Marcelo Magalh√£es. 
https://bureau.cool,"A boutique design studio and digital partner. Bureau Cool develops bespoke solutions in close partnership with brands, artists or cultural institutions. The work spans from digital to physical and its intersection."
https://letterror.com,"Type design, lettering, tools"
https://silly.berlin,"We are a team of photographers, art directors and set designers. We develop concepts, construct sets and wrap our ideas in photos, videos and other visual output."
https://www.908video.de,"motion design,motion graphics,animation,2d animation,3d animation,video editing,color grading,graphics,graphics design,design,agency,multimedia,ar,augmented reality,film production,projects,short films,music videos,voice recording,character animation,compositing,character design"
https://ryanbugden.com,Ryan Bugden is a typeface designer and graphic designer based in Brooklyn.
https://www.berndvolmer.com,"Bernd Volmer is a graphic and type designer from Germany, mainly working typefaces and printed matter. Offering strong concepts and expressive aesthetics."
https://anti.as,"ANTI Oslo. Award winning studio based in Oslo and Hamar, building brands through strategy, design, advertising, digital, broadcast, editorial content and social media."
https://www.fraserstanley.com,"Fraser Stanley is a designer and developer working from Melbourne. He is a partner at New Association and co-founder of independent publisher, Spooky Books."
https://rorykingetc.com,"Rory King is a multidisciplinary designer specializing in art direction, branding, identity development, and web design."
http://www.jakubstraka.info,Nancy Cain's Unique Bead Designs
https://xemantic.com,"Kazik Pogoda, creative technologist based in Berlin, producing interactive media art installations, generative design and robots"
https://dmnsgn.me,"Technical Lead / Computational Designer / Creative Developer / Generative Artisan with Variable, formerly with UNIT9: computer graphics, generative art, data visualization, computational design, experiments, tools... Before growing an interest for computational design, I studied interactive development at Gobelins school in Paris."
https://yes.patrick.works,"‚Ü≥ Focussed on meaningful and environmental friendly work, ùóÆùóπùòÑùóÆùòÜùòÄ ùòÅùóµùó∂ùóªùó∏ùòÄ ùóØùó≤ùòÜùóºùóªùó± ùóØùóºùòÇùóªùó±ùóÆùóøùó∂ùó≤ùòÄ. Creative Developer, Frontend Developer, UX-/UI Consultant/Designer ‚Äì literally everything you need, no joke! ‚åÅ Shopify ‚åÅ Shopware ‚åÅ Wordpress ‚åÅ Craft CMS ‚åÅ"
https://www.filamentgroup.com,Filament Group helps companies design and build super-fast responsive sites and web apps that are simple to use and accessible to everyone
https://liquid.city,"Liquid City is a design practice on the bleeding edge of XR, working with the world's top technology companies to define concepts of the future."
https://juerglehni.com,"art, design, technology, drawing, machine, drawing machine, spray-paint, chalk, vector, graphic, vector graphics, computing, physical computing, interaction, invention, human condition, tools"
https://barbora-demovic.eu,"Barbora Demoviƒçov√° ‚Äî I‚Äôm a graphic designer currently based in Berlin. I'm working independently as well as in close collaboration with other designers and experts. Besides developing visual and design solutions for various clients, I‚Äôm interested in independent publishing, exhibiting, AR design, illustration and writing. You can check out some of my projects and texts. Feel free to contact me. I‚Äôm open to new inquiries and collaborations."
https://khtype.com,"KH Type is a type foundry founded by Kurppa Hosk. We offer retail and bespoke typefaces along with other typography-related expertise, like wordmark refinements and art direction."
https://adapopowicz.com,design
https://paulinelepape.com,Graphic and Type Design ‚Äî Amsterdam
https://fercozzi.com,"Independent graphic and type designer based in Buenos Aires, Argentina. Retail and custom typefaces, cheese and wine."
https://www.sunyoungoh.com,"A portfolio website of Sun Young Oh, an independent graphic and type designer."
http://morganevantorre.com,Morgane Vantorre is a Graphic and Type designer based in Paris
https://simongwinner.com,"Simon Gwinner is a Digital Designer from Switzerland, currently living in Berlin, Germany. Designing digital interfaces and thinking about possible futures. This is his very own (virtual) space. You are welcome. What would you like to see?"
http://www.cj2b.work,"Je suis Justin Bihan, graphiste dipl√¥m√© de l'EESAB - Rennes. Je r√©ponds √† des commandes de design graphique."
https://nibressergo.com,"Enthusiastic Motion Designer, curious about visual experiments, new technologies, and interactive design. "
https://www.simonfosters.website,"I'm a designer who works with visual identities, user experiences, interfaces, systems and products."
https://giacomo.website,I am a Web &amp; Information designer.
https://einsdreidrei.com,"Media Art, Light Installation, Physical Interaction Design, Interactive Experiences"
https://siyumao.com,"Siyu Mao is a graphic designer, whose artistic and research interest focus on exploring visual aesthetic in social context. Based in Berlin working worldwide."
https://garrying.com,"Garry Ing is a designer living and practicing in Toronto, Canada. Garrying.com was a collection of possible scenarios, confrontations, and false starts spanning a period between the present and near future."
https://manufacturaindependente.org,"Manufactura Independente, Libre Graphics &amp; Design Research Studio"
https://adigital.agency,"Award-winning digital agency in the north west of England specialising in digital consultancy, bespoke website design and digital marketing."
https://maximage.biz,"digital solutions,visual identities,books,posters,typefaces,graphic design,gen√®ve,zurich,paris"
https://optimo.ch,Optimo is a Swiss type foundry that designs and publishes premium typefaces through its online catalogue and also offer custom fonts and bespoke versions.
https://vaska.com,"Jeffery Vaska is a Graphic Designer, Software Engineer and Creative Technologist originally from Seattle, Washington."
https://sparta3.com,We make automated design systems for fun and profit.
https://brycewilner.com,"Graphic design, type design, art, writing, teaching."
https://daneden.me,"The personal site, blog, and portfolio of Daniel Eden, a designer writing and thinking about design systems."
https://justinjay.wang,"Justin Jay Wang is a designer and developer in San Francisco who believes in simple, honest communication."
https://ibmix.de,"Wir sind Consultancy, Digitalagentur, Design-Studio und Tech-Company in einem. Eine neue Art von Partner ‚Äì inspiriert durch 100 Jahre Tech-Expertise."
https://manuelbuerger.com,OUR DESIGN SOLUTIONS EMBRACE THE DISCOURSE OF SOCIAL AND CULTURAL SITUATIONS. The Laboratory of Manuel B√ºrger / Collaboratoires MB. Berlin / Paris. Visual Identities. Artdirection. Design.
https://www.rileygardiner.com,"Riley Gardiner is a graphic designer based in Toronto, Canada. He also produces music under the name Crisis Actor."
https://www.lilien-feld.de,"graphic design, web sites, design, communication, kommunikation exhibition, typography, logo, concept, ideas, unique, unconventional, Ausstellungsdesign, Berlin, Konzeption"
https://jeanboehm.de,Jean Boehm is a designer and developer with a love for typography!
https://heikkilotvonen.com,"Heikki Lotvonen is a coder &amp; designer from Finland specialized in modular design and text art. He's the creator and developer of Glyph Drawing Club, a fun new tool for modular design."
https://black-foundry.com,"We are Black[Foundry]. Combining design and technology, we create fonts that perform. Across borders, across touchpoints. For everyone and everywhere. Type des‚Ä¶"
https://v21.io,"v buckenham | artist / curator / game designer / creative technologist / etc | based in London, UK"
https://gusmiller.com,"August W. Miller, Oregon-based interactive designer and developer."
https://oof.studio,"We are an Oregon-based creative studio that specializes in the planning, design, and development of interactive experiences."
https://designingfriction.com,mail@designingfriction.com
https://linktr.ee,"Director, Interactive Designer, Educator, Friction Enthusiast, Mirror Soup Cook."
https://old.roelwouters.com,"Roel works as an independent conditional designer / director in the field of interaction, media design and film."
https://www.studiohumm.com,"A collective of designers, strategists, and developers committed to crafting beautiful digital experiences and engaging brands."
https://madsbrodt.com,"I'm a front-end engineer from Copenhagen. I design, create and support"
https://thisisreal.xyz,"3D,3d animation,3d web design,3D webDesign,3d website,art direction,creative,Render,web animation,Webdesign"
https://katharinanejdl.com,"Katharina Nejdl, graphic, design, development"
http://elizabethgoodspeed.com,"Elizabeth Goodspeed is a graphic designer specializing in typography, branding, identity, and, editorial design."
https://ertekin.xyz,"I'm a multidisciplinary designer based in Istanbul, focusing on product design, visuals, identities etc."
https://www.syedrezaali.com,"Generative, Computational Design, UI, GUI, Minimal, Modern, Art, Photography, Beauty, Visual, Spatial, Architecture, New Media, Interactive, Installations, Computer Graphics, Graphic Design, openFrameworks, Processing, Cinder, Creative Coding"
http://kim-kleinert.digitale-grafik.com,Kim Kleinert is a designer an developer living an working in Hamburg.
https://www.andrewnowacki.com,"Montreal-based developer, brand planner and designer helping ambitious brands and individuals appear as unique as they are."
https://hugohil.tech,"üßô‚Äç‚ôÇÔ∏è hugohil is an independent creative technologist, designs &amp;&amp; builds modular tools &amp;&amp; parametric systems for digital experiences, conducts research &amp;&amp; development in the fields of immersive experiences, digital innovation, generative design, new medias."
https://www.hbruvry.com,"Hi, I'm Hugo Bruvry ‚Äì a media artist convinced that design and programming are intertwined. I intend to explore new ideas and aesthetics while overcoming preconceptions and technical limits."
https://bjoerngiesecke.com,"Bj√∂rn Giesecke, graphicdesign"
https://andreazaccuri.com,"Andrea Zaccuri works at the intersection of design and creative development. He specialized digital projects for cultural and commercial clients, often in collaborations with other creatives, technologists, and studios."
https://notedesignstudio.se,"Based in Stockholm since 2008 and today working all over the world, Note is a forward-thinking design studio with a potent collective spirit."
https://apracticeforeverydaylife.com,"A Practice for Everyday Life is a graphic design studio, type foundry and shop based in London."
https://www.risefx.com,"RISE | Visual Effects Studios is one of the biggest design studios for VFX in central Europe with offices in Berlin, Cologne, Munich and Stuttgart."
http://syntop.io,Studio for Interaction and Information Design
https://arialcrime.com,"Benedikt Bramb√∂ck. type designer, font technology expert, event curator &amp; organizer, writer."
http://philippneumeyer.com,"Ruediger aka Philipp Neumeyer is a professional ballet dancer, mediocre type designer and wannabe typographer. "
https://emilolsson.com,"Design, direction and development across brand, product, screen and print."
https://showmefonts.com,"Show Me Fonts is a Berlin-based Font Foundry by Bernd Volmer, dedicated to crafting quality fonts for branding, packaging, posters, variable font animations and web typography. A background in Font Engineering, Type Design, and Project Management, led Bernd to establishing Show Me Fonts."
https://tyfromtheinternet.com,"Type and graphic designer, open source contributor"
https://jensschnitzler.com,Jens Schnitzler is a typography-focused graphic designer who codes websites and draws typefaces. Closely collaborating with individuals and institutions in the fields of culture and academia he develops visual identities and shapes digital and analogue media since 2014.
https://liftoffdesignstudio.com,"Get custom branding, web design &amp; digital marketing services from Lift Off Design Studio - a professional design agency for small businesses. Contact us!"
https://www.nitzantregerman.com,"I'm a freelance motion graphics designer that is very interested in code and math. My main focus is mostly on motion graphics, procedural generation, and generative design."
https://georgebeattie.com,"Eager and passionate Senior Product Designer with a background in Art Direction, Graphic Design and Brand Strategy. Originally from the west coast of Ireland now living and working in Berlin, Germany.  "
http://amauryhamon.com,"Graphic Designer based in Lausanne, Switzerland."
https://www.maalavidaa.com,"Maalavidaa is Alycia Rainaud, a french Graphic Designer and Digital Artist based in Montr√©al, Canada."
https://refikanadolstudio.com,Refik Anadol Studio is a technology-driven art and design studio exists at the intersection of media arts and architecture with machine intelligence.
https://www.stockholmdesignlab.se,"Stockholm Design Lab transforms brands and businesses with simple, remarkable ideas."
https://www.ten-letters.com,"Ten Letters is a design studio focused on building compelling visual identities and helping ambitious brands communicate their values, grow and effectively engage with their audience."
https://nighot.com,Product Designer
https://dmma.ch,Web Design und Entwicklung Studio
https://tylerxhobbs.com,"A quick bio of Tyler Hobbs, a practicing generative artist, who creates his artwork through custom algorithms designed to produce intriguing images."
https://zajno.com,"We‚Äôre a digital design studio that‚Äôs all about breaking the mold! We specialize in crafting the wildest, most unconventional digital experiences out there."
https://iart.ch,"iart creates spaces for astonishing encounters between people and technology. We conceive, design and realise digitally enhanced architectures."
https://wimwepster.nl,I specialize in UX/UI for web and mobile and create visual designs for screen and paper. 
https://www.hydraulics.nyc,Manhattan Hydraulics is a product design company
https://unseen.co,"We're Unseen Studio, a world-class creative production agency. We help brands transform by blending meaningful branding, compelling digital experiences and motion productions. Design Studio of the Year ‚Äì Awwwards."
https://shakeil.com,Shakeil Greeley ‚Äî&nbsp; Art Director | Designer | Artist | Strategist | Writer
https://bakkenbaeck.com,"A technology-driven design studio. Building digital products, brands and businesses, we help ambitious companies identify, explore and respond to new opportunities."
https://julianhutton.com,"Julian Hutton is a designer living in Tasmania, Australia."
https://www.alterfact.net,Alterfact is an experimental design studio that specialises in 3D printing art.
https://catk.de,"CATK is a creative company specialised in the fields of design, motion, and music."
https://builders-club.com,"Production, Creative Agency, Creative Studio, Art Direction, Creative Direction, Creative Production Studio, VFX, CGI, Motion Design Studio, Creative, 3D Animation, 3D Motion, Film Production, Film Direction, Photography, Design"
https://www.harrisblondman.nl,"Digital, graphic, and design. Dutch-Swiss. Amsterdam-based. At the cutting edge of graphic tradition and digital experiment."
https://onsignals.net,‚ÄúOn Signals‚Äù is a design and development studio creating beautiful interactive things for screens and beyond. Founded by Martin Wecke.
https://littlefragments.com,"LITTLE FRAGMENTS aka Tom Walter is a creative webdeveloper (and occasionally designer) who likes responsive websites, clean design, photography, animation and typograhy."
https://repponen.com,"Originally from Estonia; I am a New York based interaction designer with a background in architecture. My career spans over 16 years in the industry building products, digital experiences, brands and simply fun and engaging things people love to use. For over 8 years I served as a creative director at Fantasy Interactive living in Stockholm, Sweden and New York City. For the past 5 years I create things at Anton &amp; Irene studio which I co-founded in Brooklyn. I‚Äôve spoken at over 50 conferences around the world and I also teach on a regular basis at Harbour Space university in Barcelona, Spain."
https://www.anothercodeproject.eu,"Translating across the languages of ideas, concepts, research, design and code. Together with Product Owners, Editors and Designers we develop Websites, Online-Shops, Programming Interfaces<br>and Digital Tools."
https://www.klimaiteklimaite.com,Berlin based collaborative graphic design studio run by sisters Indrƒó &amp; Laura Klimaitƒó
https://aaronrolston.com,"Poly-platform web designer/developer, building on Webflow, Squarespace, &amp; Framer. I partner with studios and independent brands to compose websites that people love."
https://www.hyumankind.com,Hyam is an Art Director and Product Designer based in California.
https://www.ozgekeles.com,"Ozge Keles is a multidisciplinary designer and Webflow developer, specializing in creating brand identities and art direction for immersive &amp; interactive digital experiences."
http://www.malteeuler.com,"Freelance Branding, Webdesign, illuatration and Animation."
https://www.nathansmith.design,"Nathan Smith is an independent Design &amp; Art Director. His practice spans multiple disciplines; implementing a creative process that combines insight, strategy, imagination, technology and craft. Partnering with inspiring collaborators, innovators and brands; he aspires to create future-facing work that‚Äôs meaningful, connects with communities and is&nbsp;conducive of&nbsp;change."
https://space10.com,A research and design lab on a mission to create a better everyday life for people and the planet
https://doepelstrijkers.com,Exploring the space between nature and technology through bioclimatic and immersive design
https://field.blue,"FIELD.BLUE is an Artistic Practice for Experimental Design in London. We combine art + technology to create immersive audio-visual experiences, and powerful new formats of visual communication."
https://www.mariemadonna.com,"I am a graphic designer interested in digital and printed media, and their technical processes. My practice includes programming as a creative tool, AI-generated images, open-source publishing, editorial design and experimental techniques."
https://davespengeler.ch,"Online Portfolio von Dave Spengeler, Ein-Mann-Designstudio aus Zug/Z√ºrich. Freelancer mit Fokus auf Marken- und Webentwicklung."
https://nsynk.de,"augmented reality, frankfurt, virtual reality, mixed reality, interactive, exhibits, broadcast, design, 3d, motion, stage, storytelling, art, presentation, augmentation, hololens, arkit, greenscreen "
https://paperdove.com,Design + Motion + Interaction
https://colindoerffler.com,Colin Doerffler
https://alexwidua.com,"Alex Widua, Interface Designer"
https://www.ordinaryfolk.co,Hi. We are Ordinary Folk. A motion design &amp; animation studio based in Vancouver. We love good work.
https://www.apn.works,Design + Development
https://www.jamestae.com,"James Tae is an NYC based creative specializing in visual design systems, motion graphics, web design, art direction, and branding."
https://www.sophiebritt.com,"Hi there! I'm Sophie, UI/UX designer working in New York City. Check out my portfolio!"
https://liebermannkiepereddemann.de,"Liebermann Kiepe Reddemann is a multidisciplinary design studio with a focus on digital technology. We are mainly working in the fields of culture and education, with the aim to create unconventional experiences for the contemporary media."
https://makkaihang.com,"Design practice in Hong Kong. Offering design solutions of Brand Identity, Book Design, Exhibitions, and Digital Website."
https://paika.org,"paika, pa-i-ka, ÌååÏù¥Ïπ¥, design, ÎîîÏûêÏù∏, art, ÏïÑÌä∏, ÏòàÏà†, graphic, Í∑∏ÎûòÌîΩ, designstudio, ÎîîÏûêÏù∏Ïä§ÌäúÎîîÏò§, hajihoon, ÌïòÏßÄÌõà, leesuhyang, Ïù¥ÏàòÌñ•, studio, Ïä§ÌäúÎîîÏò§, korea, ÎåÄÌïúÎØºÍµ≠, ÌïúÍµ≠, seoul, ÏÑúÏö∏, Photoshop, Ìè¨ÌÜ†ÏÉµ, Illustrator, ÏùºÎü¨Ïä§Ìä∏Î†àÏù¥ÌÑ∞, InDesign, Ïù∏ÎîîÏûêÏù∏, AfterEffect, ÏóêÌîÑÌÑ∞Ïù¥ÌéôÌä∏, cinema4d, ÏãúÎÑ§Îßà4d, LightingRoom, ÎùºÏù¥ÌåÖÎ£∏, Adobe, Ïñ¥ÎèÑÎπÑ, Illust, ÏùºÎü¨Ïä§Ìä∏, Typography, ÌÉÄÏù¥Ìè¨Í∑∏ÎûòÌîº, MotionGraphic, Î™®ÏÖòÍ∑∏ÎûòÌîΩ, WebDesign, ÏõπÎîîÏûêÏù∏, uiDesign, ux Design, Artwork, 2d, 3d, Architectural, Í±¥Ï∂ï, Building, Í±¥Ï∂ïÎ¨º, Interior, Ïù∏ÌÖåÎ¶¨Ïñ¥, Sculpture, Ï°∞Í∞Å, Forming, Ï°∞Ìòï, Artist, ÏòàÏà†Í∞Ä, designer, ÎîîÏûêÏù¥ÎÑà, Drawing, ÎìúÎ°úÏûâ, Î¨∏Ìôî, Culture, Ï†ÑÏãú, exhibition"
https://www.andywebb.com.au,"I'm Andy, a designer based in Melbourne forever trying to find the balance of work and play in design. I create things, shape things and help others discover and further their things, through strategy, identity and design. I create each piece of work from a strong concept and with purpose, even if s"
https://lamalama.nl,"Creative digital agency. We conceive and implement digital projects where branding, concept, design, motion, and development are interwoven."
https://actualsource.work,"Actual Source is the collaborative design practice of Davis Ngarupe (Cook Islands / USA) and JP Haynie (USA). Together, and with their community of collaborators, they design and execute publications, visual identities, websites, packaging, apparel, and physical spaces for clients in many diverse fields at large and small scale. Recent projects include an 8 book boxed set for A24 / HBO‚Äôs EUPHORIA, an identity system for Nike Design Exploration (NDE), and new visual identity for the Utah Museum of Contemporary Art."
https://cold-rice.info,"Cold Rice, Web Development, Utah, Javascript, Websites, Web Design, HTML, CSS, PHP, Python, Django, Vue, React, Gatsby, Nuxt, Next.js, Salt Lake City, Art, Bespoke"
https://www.noideas.website,"No Ideas is a graphic design studio in Brooklyn, New York. We create visual identities, websites, printed matter, editorial design, and art direction for commercial and cultural clients."
https://newinfo.studio,"New Information is a Brooklyn based design studio that opened in 2021. Currently, we are working with the Bernard and Anne Spitzer School of Architecture, the Queens Museum, Monacelli Press, and the Processing Foundation. We are Dave Yun, Inyeong Cho, and Stefanie Tam. To get in touch, please email us at hello@newinfo.studio or subscribe to our occasional newsletter."
https://serhiiserbin.com,"Serhii Serbin is a motion design artist with a passion for visual experiments and technology, based in Amsterdam."
https://studiocool.de,bold fonts and simple shapes
